tripduration,starttime,stoptime,start station id,start station name,start station latitude,start station longitude,end station id,end station name,end station latitude,end station longitude,bikeid,usertype,birth year,gender
923,1/1/2016 0:00,1/1/2016 0:16,268,Howard St & Centre St,40.71910537,-73.99973337,3002,South End Ave & Liberty St,40.711512,-74.015756,22285,Subscriber,1958,1
379,1/1/2016 0:00,1/1/2016 0:07,476,E 31 St & 3 Ave,40.74394314,-73.97966069,498,Broadway & W 32 St,40.74854862,-73.98808416,17827,Subscriber,1969,1
589,1/1/2016 0:00,1/1/2016 0:10,489,10 Ave & W 28 St,40.75066386,-74.00176802,284,Greenwich Ave & 8 Ave,40.73901691,-74.00263761,21997,Subscriber,1982,2
889,1/1/2016 0:01,1/1/2016 0:15,268,Howard St & Centre St,40.71910537,-73.99973337,3002,South End Ave & Liberty St,40.711512,-74.015756,22794,Subscriber,1961,2
1480,1/1/2016 0:01,1/1/2016 0:25,2006,Central Park S & 6 Ave,40.76590936,-73.97634151,2006,Central Park S & 6 Ave,40.76590936,-73.97634151,14562,Subscriber,1952,1
332,1/1/2016 0:01,1/1/2016 0:06,3104,Kent Ave & N 7 St,40.72057658,-73.96150225,389,Broadway & Berry St,40.71044554,-73.96525063,15788,Subscriber,1984,1
2321,1/1/2016 0:01,1/1/2016 0:40,3167,Amsterdam Ave & W 73 St,40.77966809,-73.98093045,3164,Columbus Ave & W 72 St,40.7770575,-73.97898475,24183,Subscriber,1963,1
694,1/1/2016 0:02,1/1/2016 0:13,268,Howard St & Centre St,40.71910537,-73.99973337,497,E 17 St & Broadway,40.73704984,-73.99009296,15747,Subscriber,1996,1
1376,1/1/2016 0:03,1/1/2016 0:26,527,E 33 St & 2 Ave,40.744023,-73.976056,259,South St & Whitehall St,40.70122128,-74.01234218,23933,Subscriber,1963,1
615,1/1/2016 0:03,1/1/2016 0:13,432,E 7 St & Avenue A,40.72621788,-73.98379855,311,Norfolk St & Broome St,40.7172274,-73.98802084,23993,Subscriber,1971,1
1770,1/1/2016 0:04,1/1/2016 0:34,3226,W 82 St & Central Park West,40.78275,-73.97137,509,9 Ave & W 22 St,40.7454973,-74.00197139,22541,Subscriber,1970,1
525,1/1/2016 0:05,1/1/2016 0:14,331,Pike St & Monroe St,40.71173107,-73.99193043,236,St Marks Pl & 2 Ave,40.7284186,-73.98713956,22193,Subscriber,1988,1
667,1/1/2016 0:05,1/1/2016 0:16,444,Broadway & W 24 St,40.7423543,-73.98915076,490,8 Ave & W 33 St,40.751551,-73.993934,18665,Subscriber,1964,1
240,1/1/2016 0:06,1/1/2016 0:10,3165,Central Park West & W 72 St,40.77579377,-73.97620574,3168,Central Park West & W 85 St,40.78472675,-73.96961715,22174,Subscriber,1976,1
539,1/1/2016 0:07,1/1/2016 0:16,3117,Franklin St & Dupont St,40.73564,-73.95866,3104,Kent Ave & N 7 St,40.72057658,-73.96150225,15061,Subscriber,1989,1
1245,1/1/2016 0:08,1/1/2016 0:29,442,W 27 St & 7 Ave,40.746647,-73.993915,545,E 23 St & 1 Ave,40.736502,-73.97809472,24071,Subscriber,1970,1
479,1/1/2016 0:08,1/1/2016 0:16,3117,Franklin St & Dupont St,40.73564,-73.95866,3104,Kent Ave & N 7 St,40.72057658,-73.96150225,23563,Subscriber,1993,1
888,1/1/2016 0:08,1/1/2016 0:23,284,Greenwich Ave & 8 Ave,40.73901691,-74.00263761,439,E 4 St & 2 Ave,40.7262807,-73.98978041,15082,Subscriber,1982,1
398,1/1/2016 0:09,1/1/2016 0:15,483,E 12 St & 3 Ave,40.73223272,-73.98889957,483,E 12 St & 3 Ave,40.73223272,-73.98889957,15721,Subscriber,1972,2
858,1/1/2016 0:09,1/1/2016 0:23,532,S 5 Pl & S 4 St,40.710451,-73.960876,401,Allen St & Rivington St,40.72019576,-73.98997825,17057,Customer,,0
839,1/1/2016 0:09,1/1/2016 0:23,532,S 5 Pl & S 4 St,40.710451,-73.960876,401,Allen St & Rivington St,40.72019576,-73.98997825,17109,Customer,,0
719,1/1/2016 0:10,1/1/2016 0:21,3116,Huron St & Franklin St,40.73266,-73.95826,3126,44 Dr & Jackson Ave,40.74718234,-73.9432635,16624,Subscriber,1982,1
110,1/1/2016 0:10,1/1/2016 0:12,439,E 4 St & 2 Ave,40.7262807,-73.98978041,439,E 4 St & 2 Ave,40.7262807,-73.98978041,24021,Customer,,0
280,1/1/2016 0:10,1/1/2016 0:15,512,W 29 St & 9 Ave,40.7500727,-73.99839279,466,W 25 St & 6 Ave,40.74395411,-73.99144871,23144,Subscriber,1988,1
937,1/1/2016 0:10,1/1/2016 0:26,387,Centre St & Chambers St,40.71273266,-74.0046073,503,E 20 St & Park Ave,40.73827428,-73.98751968,23650,Subscriber,1982,2
2038,1/1/2016 0:10,1/1/2016 0:44,3143,5 Ave & E 78 St,40.77682863,-73.96388769,479,9 Ave & W 45 St,40.76019252,-73.9912551,19804,Subscriber,1963,2
2023,1/1/2016 0:11,1/1/2016 0:44,3143,5 Ave & E 78 St,40.77682863,-73.96388769,479,9 Ave & W 45 St,40.76019252,-73.9912551,14769,Customer,,0
743,1/1/2016 0:11,1/1/2016 0:24,531,Forsyth St & Broome St,40.71893904,-73.99266288,2003,1 Ave & E 18 St,40.73381219,-73.98054421,21624,Subscriber,1970,2
1236,1/1/2016 0:12,1/1/2016 0:32,3231,E 67 St & Park Ave,40.7678008,-73.96592081,3231,E 67 St & Park Ave,40.7678008,-73.96592081,16475,Customer,,0
662,1/1/2016 0:12,1/1/2016 0:23,3175,W 70 St & Amsterdam Ave,40.77748046,-73.98288594,3166,Riverside Dr & W 72 St,40.78057799,-73.98562431,22560,Subscriber,1976,1
1169,1/1/2016 0:12,1/1/2016 0:32,517,Pershing Square South,40.751581,-73.97791,237,E 11 St & 2 Ave,40.73047309,-73.98672378,19424,Customer,,0
1167,1/1/2016 0:12,1/1/2016 0:32,517,Pershing Square South,40.751581,-73.97791,237,E 11 St & 2 Ave,40.73047309,-73.98672378,14823,Customer,,0
1684,1/1/2016 0:12,1/1/2016 0:40,439,E 4 St & 2 Ave,40.7262807,-73.98978041,385,E 55 St & 2 Ave,40.75797322,-73.96603308,22661,Customer,,0
936,1/1/2016 0:12,1/1/2016 0:28,3175,W 70 St & Amsterdam Ave,40.77748046,-73.98288594,281,Grand Army Plaza & Central Park S,40.7643971,-73.97371465,24072,Subscriber,1951,1
404,1/1/2016 0:13,1/1/2016 0:19,3138,E 77 St & Park Ave,40.77440546,-73.96175265,3134,3 Ave & E 62 St,40.76312584,-73.96526895,22965,Subscriber,1966,1
535,1/1/2016 0:13,1/1/2016 0:22,439,E 4 St & 2 Ave,40.7262807,-73.98978041,358,Christopher St & Greenwich St,40.73291553,-74.00711384,21223,Subscriber,1971,1
557,1/1/2016 0:13,1/1/2016 0:22,363,West Thames St,40.70834698,-74.01713445,146,Hudson St & Reade St,40.71625008,-74.0091059,17569,Subscriber,1960,1
272,1/1/2016 0:13,1/1/2016 0:18,3002,South End Ave & Liberty St,40.711512,-74.015756,264,Maiden Ln & Pearl St,40.70706456,-74.00731853,21619,Subscriber,1989,1
1343,1/1/2016 0:13,1/1/2016 0:36,2003,1 Ave & E 18 St,40.73381219,-73.98054421,3147,E 85 St & 3 Ave,40.77801203,-73.95407149,24232,Subscriber,1954,2
265,1/1/2016 0:14,1/1/2016 0:18,376,John St & William St,40.70862144,-74.00722156,152,Warren St & Church St,40.71473993,-74.00910627,24119,Subscriber,1962,1
812,1/1/2016 0:14,1/1/2016 0:28,518,E 39 St & 2 Ave,40.74780373,-73.9734419,433,E 13 St & Avenue A,40.72955361,-73.98057249,14785,Subscriber,1977,1
285,1/1/2016 0:14,1/1/2016 0:19,406,Hicks St & Montague St,40.69512845,-73.99595065,391,Clark St & Henry St,40.69760127,-73.99344559,18591,Subscriber,1972,1
967,1/1/2016 0:15,1/1/2016 0:31,491,E 24 St & Park Ave S,40.74096374,-73.98602213,495,W 47 St & 10 Ave,40.76269882,-73.99301222,22478,Subscriber,1974,1
1092,1/1/2016 0:16,1/1/2016 0:34,280,E 10 St & 5 Ave,40.73331967,-73.99510132,527,E 33 St & 2 Ave,40.744023,-73.976056,15713,Subscriber,1990,2
1087,1/1/2016 0:16,1/1/2016 0:34,280,E 10 St & 5 Ave,40.73331967,-73.99510132,527,E 33 St & 2 Ave,40.744023,-73.976056,20945,Subscriber,1990,2
960,1/1/2016 0:16,1/1/2016 0:32,492,W 33 St & 7 Ave,40.75019995,-73.99093085,405,Washington St & Gansevoort St,40.739323,-74.008119,19039,Subscriber,1982,2
931,1/1/2016 0:16,1/1/2016 0:32,492,W 33 St & 7 Ave,40.75019995,-73.99093085,405,Washington St & Gansevoort St,40.739323,-74.008119,20258,Subscriber,1982,2
879,1/1/2016 0:16,1/1/2016 0:31,281,Grand Army Plaza & Central Park S,40.7643971,-73.97371465,379,W 31 St & 7 Ave,40.749156,-73.9916,23386,Subscriber,1981,1
2595,1/1/2016 0:17,1/1/2016 1:00,485,W 37 St & 5 Ave,40.75038009,-73.98338988,281,Grand Army Plaza & Central Park S,40.7643971,-73.97371465,15861,Subscriber,1988,1
300,1/1/2016 0:17,1/1/2016 0:22,340,Madison St & Clinton St,40.71269042,-73.98776323,301,E 2 St & Avenue B,40.72217444,-73.98368779,14899,Subscriber,1983,1
2606,1/1/2016 0:17,1/1/2016 1:00,307,Canal St & Rutgers St,40.71427487,-73.98990025,489,10 Ave & W 28 St,40.75066386,-74.00176802,21644,Subscriber,1988,1
657,1/1/2016 0:17,1/1/2016 0:28,505,6 Ave & W 33 St,40.74901271,-73.98848395,383,Greenwich Ave & Charles St,40.735238,-74.000271,19731,Subscriber,1973,1
1488,1/1/2016 0:17,1/1/2016 0:42,369,Washington Pl & 6 Ave,40.73224119,-74.00026394,442,W 27 St & 7 Ave,40.746647,-73.993915,21222,Customer,,0
1485,1/1/2016 0:17,1/1/2016 0:42,369,Washington Pl & 6 Ave,40.73224119,-74.00026394,442,W 27 St & 7 Ave,40.746647,-73.993915,18112,Customer,,0
667,1/1/2016 0:17,1/1/2016 0:28,461,E 20 St & 2 Ave,40.73587678,-73.98205027,494,W 26 St & 8 Ave,40.74734825,-73.99723551,24185,Subscriber,1958,1
675,1/1/2016 0:17,1/1/2016 0:29,545,E 23 St & 1 Ave,40.736502,-73.97809472,267,Broadway & W 36 St,40.75097711,-73.98765428,22417,Subscriber,1985,1
396,1/1/2016 0:17,1/1/2016 0:24,317,E 6 St & Avenue B,40.72453734,-73.98185424,317,E 6 St & Avenue B,40.72453734,-73.98185424,23082,Subscriber,1981,1
193,1/1/2016 0:18,1/1/2016 0:21,369,Washington Pl & 6 Ave,40.73224119,-74.00026394,335,Washington Pl & Broadway,40.72903917,-73.99404649,21165,Subscriber,1986,1
1555,1/1/2016 0:18,1/1/2016 0:44,2006,Central Park S & 6 Ave,40.76590936,-73.97634151,174,E 25 St & 1 Ave,40.7381765,-73.97738662,18800,Subscriber,1956,1
428,1/1/2016 0:18,1/1/2016 0:25,505,6 Ave & W 33 St,40.74901271,-73.98848395,482,W 15 St & 7 Ave,40.73935542,-73.99931783,23176,Subscriber,1994,2
778,1/1/2016 0:18,1/1/2016 0:31,3180,Brooklyn Bridge Park - Pier 2,40.69878,-73.99712,395,Bond St & Schermerhorn St,40.68807003,-73.98410637,24277,Subscriber,1993,1
1502,1/1/2016 0:18,1/1/2016 0:43,223,W 13 St & 7 Ave,40.73781509,-73.99994661,164,E 47 St & 2 Ave,40.75323098,-73.97032517,20030,Subscriber,1965,2
110,1/1/2016 0:19,1/1/2016 0:21,3002,South End Ave & Liberty St,40.711512,-74.015756,363,West Thames St,40.70834698,-74.01713445,23677,Subscriber,1988,2
941,1/1/2016 0:19,1/1/2016 0:35,428,E 3 St & 1 Ave,40.72467721,-73.98783413,435,W 21 St & 6 Ave,40.74173969,-73.99415556,18457,Subscriber,1982,2
394,1/1/2016 0:19,1/1/2016 0:26,483,E 12 St & 3 Ave,40.73223272,-73.98889957,325,E 19 St & 3 Ave,40.73624527,-73.98473765,22856,Subscriber,1994,1
394,1/1/2016 0:19,1/1/2016 0:26,483,E 12 St & 3 Ave,40.73223272,-73.98889957,325,E 19 St & 3 Ave,40.73624527,-73.98473765,24201,Subscriber,1994,1
915,1/1/2016 0:19,1/1/2016 0:34,428,E 3 St & 1 Ave,40.72467721,-73.98783413,435,W 21 St & 6 Ave,40.74173969,-73.99415556,23757,Subscriber,1986,1
419,1/1/2016 0:19,1/1/2016 0:26,3091,Frost St & Meeker St,40.71764,-73.94882,3106,Driggs Ave & N Henry St,40.72325,-73.94308,16107,Subscriber,1993,2
377,1/1/2016 0:20,1/1/2016 0:26,445,E 10 St & Avenue A,40.72740794,-73.98142006,410,Suffolk St & Stanton St,40.72066442,-73.98517977,22270,Subscriber,1975,1
388,1/1/2016 0:20,1/1/2016 0:26,445,E 10 St & Avenue A,40.72740794,-73.98142006,410,Suffolk St & Stanton St,40.72066442,-73.98517977,21117,Subscriber,1982,2
2494,1/1/2016 0:20,1/1/2016 1:01,504,1 Ave & E 15 St,40.73221853,-73.98165557,504,1 Ave & E 15 St,40.73221853,-73.98165557,22584,Subscriber,1959,1
271,1/1/2016 0:20,1/1/2016 0:24,3112,Milton St & Franklin St,40.72906,-73.95779,3118,McGuinness Blvd & Eagle St,40.73555,-73.95284,23477,Subscriber,1987,1
928,1/1/2016 0:20,1/1/2016 0:36,442,W 27 St & 7 Ave,40.746647,-73.993915,72,W 52 St & 11 Ave,40.76727216,-73.99392888,24192,Subscriber,1989,1
1364,1/1/2016 0:20,1/1/2016 0:43,3163,Central Park West & W 68 St,40.7734066,-73.97782542,490,8 Ave & W 33 St,40.751551,-73.993934,21290,Customer,,0
1358,1/1/2016 0:20,1/1/2016 0:43,3163,Central Park West & W 68 St,40.7734066,-73.97782542,490,8 Ave & W 33 St,40.751551,-73.993934,15535,Customer,,0
467,1/1/2016 0:21,1/1/2016 0:28,161,LaGuardia Pl & W 3 St,40.72917025,-73.99810231,438,St Marks Pl & 1 Ave,40.72779126,-73.98564945,24056,Subscriber,1974,1
1325,1/1/2016 0:21,1/1/2016 0:43,3163,Central Park West & W 68 St,40.7734066,-73.97782542,490,8 Ave & W 33 St,40.751551,-73.993934,19160,Customer,,0
868,1/1/2016 0:21,1/1/2016 0:35,279,Peck Slip & Front St,40.707873,-74.00167,428,E 3 St & 1 Ave,40.72467721,-73.98783413,23590,Subscriber,1996,2
222,1/1/2016 0:21,1/1/2016 0:24,358,Christopher St & Greenwich St,40.73291553,-74.00711384,284,Greenwich Ave & 8 Ave,40.73901691,-74.00263761,17742,Subscriber,1966,1
686,1/1/2016 0:21,1/1/2016 0:32,3143,5 Ave & E 78 St,40.77682863,-73.96388769,3132,E 59 St & Madison Ave,40.76350532,-73.97109243,23514,Subscriber,1960,1
1315,1/1/2016 0:21,1/1/2016 0:43,3163,Central Park West & W 68 St,40.7734066,-73.97782542,490,8 Ave & W 33 St,40.751551,-73.993934,23538,Customer,,0
765,1/1/2016 0:21,1/1/2016 0:34,410,Suffolk St & Stanton St,40.72066442,-73.98517977,475,E 16 St & Irving Pl,40.73524276,-73.98758561,14540,Subscriber,1986,1
738,1/1/2016 0:23,1/1/2016 0:36,485,W 37 St & 5 Ave,40.75038009,-73.98338988,336,Sullivan St & Washington Sq,40.73047747,-73.99906065,17169,Subscriber,1985,1
400,1/1/2016 0:23,1/1/2016 0:30,285,Broadway & E 14 St,40.73454567,-73.99074142,445,E 10 St & Avenue A,40.72740794,-73.98142006,19490,Subscriber,1962,1
983,1/1/2016 0:24,1/1/2016 0:40,488,W 39 St & 9 Ave,40.75645824,-73.99372222,545,E 23 St & 1 Ave,40.736502,-73.97809472,23532,Subscriber,1977,1
1899,1/1/2016 0:24,1/1/2016 0:55,479,9 Ave & W 45 St,40.76019252,-73.9912551,3141,1 Ave & E 68 St,40.76500525,-73.95818491,16810,Subscriber,1985,1
2165,1/1/2016 0:24,1/1/2016 1:00,3136,5 Ave & E 63 St,40.76650452,-73.97147595,284,Greenwich Ave & 8 Ave,40.73901691,-74.00263761,22093,Subscriber,1978,1
652,1/1/2016 0:24,1/1/2016 0:35,2000,Front St & Washington St,40.70255088,-73.98940236,261,Johnson St & Gold St,40.69474881,-73.98362464,16240,Subscriber,1992,1
552,1/1/2016 0:24,1/1/2016 0:34,512,W 29 St & 9 Ave,40.7500727,-73.99839279,482,W 15 St & 7 Ave,40.73935542,-73.99931783,22831,Subscriber,1949,1
233,1/1/2016 0:25,1/1/2016 0:29,3165,Central Park West & W 72 St,40.77579377,-73.97620574,3166,Riverside Dr & W 72 St,40.78057799,-73.98562431,19997,Subscriber,1961,1
1400,1/1/2016 0:25,1/1/2016 0:48,3162,W 78 St & Broadway,40.78339981,-73.98093133,463,9 Ave & W 16 St,40.74206539,-74.00443172,23753,Subscriber,1986,1
1475,1/1/2016 0:25,1/1/2016 0:50,3143,5 Ave & E 78 St,40.77682863,-73.96388769,524,W 43 St & 6 Ave,40.75527307,-73.98316936,21254,Customer,,0
446,1/1/2016 0:26,1/1/2016 0:33,3164,Columbus Ave & W 72 St,40.7770575,-73.97898475,3171,Amsterdam Ave & W 82 St,40.78524672,-73.97667321,21071,Subscriber,1950,2
1474,1/1/2016 0:26,1/1/2016 0:50,3143,5 Ave & E 78 St,40.77682863,-73.96388769,524,W 43 St & 6 Ave,40.75527307,-73.98316936,19549,Customer,,0
1437,1/1/2016 0:26,1/1/2016 0:50,3143,5 Ave & E 78 St,40.77682863,-73.96388769,524,W 43 St & 6 Ave,40.75527307,-73.98316936,21638,Customer,,0
499,1/1/2016 0:26,1/1/2016 0:34,499,Broadway & W 60 St,40.76915505,-73.98191841,3177,W 84 St & Broadway,40.7867947,-73.977112,20795,Subscriber,1982,1
2446,1/1/2016 0:26,1/1/2016 1:07,3163,Central Park West & W 68 St,40.7734066,-73.97782542,3165,Central Park West & W 72 St,40.77579377,-73.97620574,23178,Subscriber,1950,1
2426,1/1/2016 0:26,1/1/2016 1:07,217,Old Fulton St,40.70277159,-73.99383605,263,Elizabeth St & Hester St,40.71729,-73.996375,24152,Customer,,0
950,1/1/2016 0:26,1/1/2016 0:42,3137,5 Ave & E 73 St,40.77282817,-73.96685276,522,E 51 St & Lexington Ave,40.75714758,-73.97207836,15690,Customer,,0
902,1/1/2016 0:26,1/1/2016 0:41,3109,Banker St & Meserole Ave,40.72606,-73.95621,532,S 5 Pl & S 4 St,40.710451,-73.960876,16316,Subscriber,1983,1
941,1/1/2016 0:26,1/1/2016 0:42,3137,5 Ave & E 73 St,40.77282817,-73.96685276,522,E 51 St & Lexington Ave,40.75714758,-73.97207836,16498,Customer,,0
918,1/1/2016 0:26,1/1/2016 0:42,3109,Banker St & Meserole Ave,40.72606,-73.95621,532,S 5 Pl & S 4 St,40.710451,-73.960876,22231,Subscriber,1988,2
769,1/1/2016 0:27,1/1/2016 0:40,3124,46 Ave & 5 St,40.74731,-73.95451,3121,Jackson Ave & 46 Rd,40.74524768,-73.94733276,23963,Subscriber,1979,1
1278,1/1/2016 0:27,1/1/2016 0:48,376,John St & William St,40.70862144,-74.00722156,301,E 2 St & Avenue B,40.72217444,-73.98368779,14659,Subscriber,1971,1
1433,1/1/2016 0:27,1/1/2016 0:51,279,Peck Slip & Front St,40.707873,-74.00167,511,E 14 St & Avenue B,40.72938685,-73.97772429,17030,Customer,,0
1605,1/1/2016 0:27,1/1/2016 0:54,515,W 43 St & 10 Ave,40.76009437,-73.99461843,3002,South End Ave & Liberty St,40.711512,-74.015756,20741,Customer,,0
1254,1/1/2016 0:27,1/1/2016 0:48,376,John St & William St,40.70862144,-74.00722156,301,E 2 St & Avenue B,40.72217444,-73.98368779,23592,Subscriber,1972,1
551,1/1/2016 0:27,1/1/2016 0:36,483,E 12 St & 3 Ave,40.73223272,-73.98889957,531,Forsyth St & Broome St,40.71893904,-73.99266288,20850,Subscriber,1981,1
1591,1/1/2016 0:27,1/1/2016 0:54,515,W 43 St & 10 Ave,40.76009437,-73.99461843,3002,South End Ave & Liberty St,40.711512,-74.015756,19675,Customer,,0
1417,1/1/2016 0:27,1/1/2016 0:51,279,Peck Slip & Front St,40.707873,-74.00167,511,E 14 St & Avenue B,40.72938685,-73.97772429,18489,Customer,,0
365,1/1/2016 0:27,1/1/2016 0:33,496,E 16 St & 5 Ave,40.73726186,-73.99238967,212,W 16 St & The High Line,40.74334935,-74.00681753,22916,Subscriber,1954,1
1577,1/1/2016 0:27,1/1/2016 0:54,515,W 43 St & 10 Ave,40.76009437,-73.99461843,3002,South End Ave & Liberty St,40.711512,-74.015756,22198,Customer,,0
305,1/1/2016 0:27,1/1/2016 0:32,3164,Columbus Ave & W 72 St,40.7770575,-73.97898475,3162,W 78 St & Broadway,40.78339981,-73.98093133,15148,Subscriber,1968,1
1575,1/1/2016 0:27,1/1/2016 0:54,515,W 43 St & 10 Ave,40.76009437,-73.99461843,3002,South End Ave & Liberty St,40.711512,-74.015756,19002,Customer,,0
89,1/1/2016 0:28,1/1/2016 0:29,483,E 12 St & 3 Ave,40.73223272,-73.98889957,237,E 11 St & 2 Ave,40.73047309,-73.98672378,19374,Subscriber,1971,1
2329,1/1/2016 0:28,1/1/2016 1:07,217,Old Fulton St,40.70277159,-73.99383605,263,Elizabeth St & Hester St,40.71729,-73.996375,16158,Customer,,0
2243,1/1/2016 0:28,1/1/2016 1:05,497,E 17 St & Broadway,40.73704984,-73.99009296,3222,Hanson Pl & St Felix St,40.6851596,-73.97711366,23068,Subscriber,1981,0
755,1/1/2016 0:28,1/1/2016 0:41,3078,Broadway & Roebling St,40.70925562,-73.95982218,343,Clinton Ave & Flushing Ave,40.69794,-73.96986848,18580,Subscriber,1980,2
275,1/1/2016 0:28,1/1/2016 0:33,358,Christopher St & Greenwich St,40.73291553,-74.00711384,369,Washington Pl & 6 Ave,40.73224119,-74.00026394,21223,Subscriber,1969,2
469,1/1/2016 0:28,1/1/2016 0:36,3137,5 Ave & E 73 St,40.77282817,-73.96685276,3140,1 Ave & E 78 St,40.77140426,-73.9535166,23582,Subscriber,1980,1
2508,1/1/2016 0:28,1/1/2016 1:10,3165,Central Park West & W 72 St,40.77579377,-73.97620574,495,W 47 St & 10 Ave,40.76269882,-73.99301222,19502,Customer,,0
304,1/1/2016 0:28,1/1/2016 0:33,317,E 6 St & Avenue B,40.72453734,-73.98185424,473,Rivington St & Chrystie St,40.72110063,-73.9919254,23082,Subscriber,1983,1
272,1/1/2016 0:28,1/1/2016 0:33,3126,44 Dr & Jackson Ave,40.74718234,-73.9432635,3124,46 Ave & 5 St,40.74731,-73.95451,22544,Subscriber,1979,1
1824,1/1/2016 0:29,1/1/2016 0:59,352,W 56 St & 6 Ave,40.76340613,-73.97722479,410,Suffolk St & Stanton St,40.72066442,-73.98517977,22100,Subscriber,1992,1
535,1/1/2016 0:29,1/1/2016 0:38,499,Broadway & W 60 St,40.76915505,-73.98191841,449,W 52 St & 9 Ave,40.76461837,-73.98789473,20988,Subscriber,1975,1
2509,1/1/2016 0:29,1/1/2016 1:11,3165,Central Park West & W 72 St,40.77579377,-73.97620574,495,W 47 St & 10 Ave,40.76269882,-73.99301222,21673,Customer,,0
637,1/1/2016 0:29,1/1/2016 0:40,312,Allen St & E Houston St,40.722055,-73.989111,336,Sullivan St & Washington Sq,40.73047747,-73.99906065,24032,Customer,,0
631,1/1/2016 0:29,1/1/2016 0:40,312,Allen St & E Houston St,40.722055,-73.989111,336,Sullivan St & Washington Sq,40.73047747,-73.99906065,18973,Customer,,0
718,1/1/2016 0:29,1/1/2016 0:41,449,W 52 St & 9 Ave,40.76461837,-73.98789473,3167,Amsterdam Ave & W 73 St,40.77966809,-73.98093045,16819,Subscriber,1972,2
1508,1/1/2016 0:30,1/1/2016 0:55,527,E 33 St & 2 Ave,40.744023,-73.976056,524,W 43 St & 6 Ave,40.75527307,-73.98316936,17509,Customer,,0
494,1/1/2016 0:30,1/1/2016 0:38,499,Broadway & W 60 St,40.76915505,-73.98191841,449,W 52 St & 9 Ave,40.76461837,-73.98789473,22475,Subscriber,1970,2
1493,1/1/2016 0:30,1/1/2016 0:55,527,E 33 St & 2 Ave,40.744023,-73.976056,524,W 43 St & 6 Ave,40.75527307,-73.98316936,16167,Customer,,0
356,1/1/2016 0:30,1/1/2016 0:36,332,Cherry St,40.71219906,-73.97948148,410,Suffolk St & Stanton St,40.72066442,-73.98517977,23362,Subscriber,1966,1
2467,1/1/2016 0:30,1/1/2016 1:11,3165,Central Park West & W 72 St,40.77579377,-73.97620574,495,W 47 St & 10 Ave,40.76269882,-73.99301222,20983,Customer,,0
431,1/1/2016 0:30,1/1/2016 0:37,387,Centre St & Chambers St,40.71273266,-74.0046073,412,Forsyth St & Canal St,40.7158155,-73.99422366,21507,Subscriber,1981,1
255,1/1/2016 0:30,1/1/2016 0:35,445,E 10 St & Avenue A,40.72740794,-73.98142006,433,E 13 St & Avenue A,40.72955361,-73.98057249,23410,Subscriber,1982,2
224,1/1/2016 0:30,1/1/2016 0:34,247,Perry St & Bleecker St,40.73535398,-74.00483091,369,Washington Pl & 6 Ave,40.73224119,-74.00026394,14905,Subscriber,1975,1
738,1/1/2016 0:30,1/1/2016 0:43,3177,W 84 St & Broadway,40.7867947,-73.977112,449,W 52 St & 9 Ave,40.76461837,-73.98789473,22056,Subscriber,1991,1
367,1/1/2016 0:31,1/1/2016 0:37,445,E 10 St & Avenue A,40.72740794,-73.98142006,433,E 13 St & Avenue A,40.72955361,-73.98057249,22955,Subscriber,1977,1
563,1/1/2016 0:31,1/1/2016 0:40,405,Washington St & Gansevoort St,40.739323,-74.008119,489,10 Ave & W 28 St,40.75066386,-74.00176802,19020,Subscriber,1974,2
512,1/1/2016 0:31,1/1/2016 0:40,537,Lexington Ave & E 24 St,40.74025878,-73.98409214,482,W 15 St & 7 Ave,40.73935542,-73.99931783,22158,Subscriber,1980,1
598,1/1/2016 0:31,1/1/2016 0:41,2021,W 45 St & 8 Ave,40.75929124,-73.98859651,490,8 Ave & W 33 St,40.751551,-73.993934,23556,Customer,,0
598,1/1/2016 0:31,1/1/2016 0:41,2021,W 45 St & 8 Ave,40.75929124,-73.98859651,490,8 Ave & W 33 St,40.751551,-73.993934,24311,Customer,,0
592,1/1/2016 0:31,1/1/2016 0:41,2021,W 45 St & 8 Ave,40.75929124,-73.98859651,490,8 Ave & W 33 St,40.751551,-73.993934,21435,Customer,,0
567,1/1/2016 0:31,1/1/2016 0:41,127,Barrow St & Hudson St,40.73172428,-74.00674436,509,9 Ave & W 22 St,40.7454973,-74.00197139,19050,Subscriber,1968,1
1324,1/1/2016 0:32,1/1/2016 0:54,515,W 43 St & 10 Ave,40.76009437,-73.99461843,482,W 15 St & 7 Ave,40.73935542,-73.99931783,17594,Subscriber,1970,1
1160,1/1/2016 0:32,1/1/2016 0:51,3147,E 85 St & 3 Ave,40.77801203,-73.95407149,3129,Queens Plaza North & Crescent St,40.75110165,-73.94073717,18983,Subscriber,1983,2
315,1/1/2016 0:33,1/1/2016 0:38,3164,Columbus Ave & W 72 St,40.7770575,-73.97898475,3178,Riverside Dr & W 78 St,40.78414472,-73.98362492,14536,Subscriber,1971,1
302,1/1/2016 0:33,1/1/2016 0:38,3168,Central Park West & W 85 St,40.78472675,-73.96961715,3165,Central Park West & W 72 St,40.77579377,-73.97620574,22174,Subscriber,1976,1
582,1/1/2016 0:33,1/1/2016 0:43,348,W Broadway & Spring St,40.72490985,-74.00154702,438,St Marks Pl & 1 Ave,40.72779126,-73.98564945,23744,Subscriber,1986,1
612,1/1/2016 0:33,1/1/2016 0:43,368,Carmine St & 6 Ave,40.73038599,-74.00214988,301,E 2 St & Avenue B,40.72217444,-73.98368779,15276,Subscriber,1966,1
192,1/1/2016 0:33,1/1/2016 0:36,3093,N 6 St & Bedford Ave,40.71745169,-73.95850939,3088,Union Ave & Jackson St,40.7160751,-73.952029,23998,Subscriber,1974,2
1331,1/1/2016 0:34,1/1/2016 0:56,345,W 13 St & 6 Ave,40.73649403,-73.99704374,484,W 44 St & 5 Ave,40.75500254,-73.98014437,17144,Subscriber,1988,1
336,1/1/2016 0:34,1/1/2016 0:39,168,W 18 St & 6 Ave,40.73971301,-73.99456405,325,E 19 St & 3 Ave,40.73624527,-73.98473765,22655,Subscriber,1980,2
267,1/1/2016 0:34,1/1/2016 0:38,470,W 20 St & 8 Ave,40.74345335,-74.00004031,405,Washington St & Gansevoort St,40.739323,-74.008119,20647,Subscriber,1986,1
355,1/1/2016 0:34,1/1/2016 0:40,3002,South End Ave & Liberty St,40.711512,-74.015756,415,Pearl St & Hanover Square,40.7047177,-74.00926027,22285,Subscriber,1983,1
746,1/1/2016 0:34,1/1/2016 0:47,236,St Marks Pl & 2 Ave,40.7284186,-73.98713956,331,Pike St & Monroe St,40.71173107,-73.99193043,23742,Subscriber,1977,1
2421,1/1/2016 0:34,1/1/2016 1:15,2006,Central Park S & 6 Ave,40.76590936,-73.97634151,485,W 37 St & 5 Ave,40.75038009,-73.98338988,20353,Customer,,0
574,1/1/2016 0:34,1/1/2016 0:44,237,E 11 St & 2 Ave,40.73047309,-73.98672378,410,Suffolk St & Stanton St,40.72066442,-73.98517977,19079,Customer,,0
569,1/1/2016 0:34,1/1/2016 0:44,237,E 11 St & 2 Ave,40.73047309,-73.98672378,410,Suffolk St & Stanton St,40.72066442,-73.98517977,17609,Customer,,0
1078,1/1/2016 0:34,1/1/2016 0:52,389,Broadway & Berry St,40.71044554,-73.96525063,531,Forsyth St & Broome St,40.71893904,-73.99266288,22671,Subscriber,1983,2
2420,1/1/2016 0:35,1/1/2016 1:15,2006,Central Park S & 6 Ave,40.76590936,-73.97634151,485,W 37 St & 5 Ave,40.75038009,-73.98338988,19425,Customer,,0
1237,1/1/2016 0:35,1/1/2016 0:55,3092,Berry St & N 8 St,40.7190095,-73.95852515,3066,Tompkins Ave & Hopkins St,40.69957608,-73.94708417,24044,Subscriber,1981,1
2749,1/1/2016 0:35,1/1/2016 1:21,3137,5 Ave & E 73 St,40.77282817,-73.96685276,3168,Central Park West & W 85 St,40.78472675,-73.96961715,22129,Customer,,0
937,1/1/2016 0:35,1/1/2016 0:51,405,Washington St & Gansevoort St,40.739323,-74.008119,439,E 4 St & 2 Ave,40.7262807,-73.98978041,18161,Subscriber,1990,1
926,1/1/2016 0:36,1/1/2016 0:51,291,Madison St & Montgomery St,40.713126,-73.984844,375,Mercer St & Bleecker St,40.72679454,-73.99695094,19301,Subscriber,1985,1
708,1/1/2016 0:36,1/1/2016 0:48,507,E 25 St & 2 Ave,40.73912601,-73.97973776,212,W 16 St & The High Line,40.74334935,-74.00681753,22607,Subscriber,1980,1
1259,1/1/2016 0:36,1/1/2016 0:57,480,W 53 St & 10 Ave,40.76669671,-73.99061728,537,Lexington Ave & E 24 St,40.74025878,-73.98409214,20299,Subscriber,1966,1
3248,1/1/2016 0:36,1/1/2016 1:30,3175,W 70 St & Amsterdam Ave,40.77748046,-73.98288594,363,West Thames St,40.70834698,-74.01713445,23636,Subscriber,1988,1
919,1/1/2016 0:36,1/1/2016 0:52,293,Lafayette St & E 8 St,40.73028666,-73.9907647,498,Broadway & W 32 St,40.74854862,-73.98808416,17970,Subscriber,1967,2
908,1/1/2016 0:36,1/1/2016 0:52,293,Lafayette St & E 8 St,40.73028666,-73.9907647,498,Broadway & W 32 St,40.74854862,-73.98808416,15258,Subscriber,1964,1
1044,1/1/2016 0:36,1/1/2016 0:54,441,E 52 St & 2 Ave,40.756014,-73.967416,3167,Amsterdam Ave & W 73 St,40.77966809,-73.98093045,18734,Subscriber,1970,1
3244,1/1/2016 0:37,1/1/2016 1:31,3175,W 70 St & Amsterdam Ave,40.77748046,-73.98288594,363,West Thames St,40.70834698,-74.01713445,22181,Customer,,0
1026,1/1/2016 0:37,1/1/2016 0:54,430,York St & Jay St,40.7014851,-73.98656928,279,Peck Slip & Front St,40.707873,-74.00167,18414,Subscriber,1967,1
468,1/1/2016 0:37,1/1/2016 0:45,483,E 12 St & 3 Ave,40.73223272,-73.98889957,368,Carmine St & 6 Ave,40.73038599,-74.00214988,21988,Subscriber,1988,1
1183,1/1/2016 0:37,1/1/2016 0:57,524,W 43 St & 6 Ave,40.75527307,-73.98316936,2004,6 Ave & Broome St,40.724399,-74.004704,23113,Subscriber,1977,1
384,1/1/2016 0:37,1/1/2016 0:44,498,Broadway & W 32 St,40.74854862,-73.98808416,382,University Pl & E 14 St,40.73492695,-73.99200509,17827,Subscriber,1984,1
522,1/1/2016 0:37,1/1/2016 0:46,281,Grand Army Plaza & Central Park S,40.7643971,-73.97371465,3167,Amsterdam Ave & W 73 St,40.77966809,-73.98093045,22101,Subscriber,1973,1
1914,1/1/2016 0:38,1/1/2016 1:09,3077,Stagg St & Union Ave,40.70877084,-73.95095259,346,Bank St & Hudson St,40.73652889,-74.00618026,18426,Subscriber,1975,1
255,1/1/2016 0:38,1/1/2016 0:42,223,W 13 St & 7 Ave,40.73781509,-73.99994661,336,Sullivan St & Washington Sq,40.73047747,-73.99906065,17073,Subscriber,1985,1
990,1/1/2016 0:38,1/1/2016 0:54,238,Bank St & Washington St,40.7361967,-74.00859207,448,W 37 St & 10 Ave,40.75660359,-73.9979009,22554,Subscriber,1974,1
735,1/1/2016 0:38,1/1/2016 0:50,499,Broadway & W 60 St,40.76915505,-73.98191841,3168,Central Park West & W 85 St,40.78472675,-73.96961715,21323,Customer,,0
475,1/1/2016 0:38,1/1/2016 0:46,397,Fulton St & Clermont Ave,40.68415748,-73.96922273,421,Clermont Ave & Park Ave,40.69573398,-73.97129668,23254,Subscriber,1971,1
464,1/1/2016 0:38,1/1/2016 0:46,397,Fulton St & Clermont Ave,40.68415748,-73.96922273,421,Clermont Ave & Park Ave,40.69573398,-73.97129668,23559,Subscriber,1982,2
552,1/1/2016 0:38,1/1/2016 0:48,3164,Columbus Ave & W 72 St,40.7770575,-73.97898475,3176,W 64 St & West End Ave,40.77452835,-73.98753759,14957,Subscriber,1969,2
774,1/1/2016 0:38,1/1/2016 0:51,479,9 Ave & W 45 St,40.76019252,-73.9912551,470,W 20 St & 8 Ave,40.74345335,-74.00004031,20028,Subscriber,1982,1
1221,1/1/2016 0:38,1/1/2016 0:59,478,11 Ave & W 41 St,40.76030096,-73.99884222,358,Christopher St & Greenwich St,40.73291553,-74.00711384,23970,Subscriber,1963,1
600,1/1/2016 0:39,1/1/2016 0:49,438,St Marks Pl & 1 Ave,40.72779126,-73.98564945,527,E 33 St & 2 Ave,40.744023,-73.976056,21648,Subscriber,1974,1
389,1/1/2016 0:39,1/1/2016 0:45,3137,5 Ave & E 73 St,40.77282817,-73.96685276,3140,1 Ave & E 78 St,40.77140426,-73.9535166,22220,Subscriber,1958,1
243,1/1/2016 0:39,1/1/2016 0:43,316,Fulton St & William St,40.70955958,-74.00653609,152,Warren St & Church St,40.71473993,-74.00910627,20840,Subscriber,1974,2
482,1/1/2016 0:39,1/1/2016 0:47,383,Greenwich Ave & Charles St,40.735238,-74.000271,284,Greenwich Ave & 8 Ave,40.73901691,-74.00263761,16987,Subscriber,1985,2
342,1/1/2016 0:39,1/1/2016 0:45,426,West St & Chambers St,40.71754834,-74.01322069,2008,Little West St & 1 Pl,40.70569254,-74.01677685,22772,Subscriber,1977,1
676,1/1/2016 0:40,1/1/2016 0:51,509,9 Ave & W 22 St,40.7454973,-74.00197139,161,LaGuardia Pl & W 3 St,40.72917025,-73.99810231,20613,Subscriber,1970,1
1057,1/1/2016 0:40,1/1/2016 0:57,486,Broadway & W 29 St,40.7462009,-73.98855723,3164,Columbus Ave & W 72 St,40.7770575,-73.97898475,22777,Subscriber,1975,1
1326,1/1/2016 0:40,1/1/2016 1:02,326,E 11 St & 1 Ave,40.72953837,-73.98426726,3002,South End Ave & Liberty St,40.711512,-74.015756,23788,Subscriber,1991,1
739,1/1/2016 0:40,1/1/2016 0:53,223,W 13 St & 7 Ave,40.73781509,-73.99994661,276,Duane St & Greenwich St,40.71748752,-74.0104554,24062,Subscriber,1969,1
789,1/1/2016 0:41,1/1/2016 0:54,168,W 18 St & 6 Ave,40.73971301,-73.99456405,445,E 10 St & Avenue A,40.72740794,-73.98142006,15774,Subscriber,1984,1
1047,1/1/2016 0:41,1/1/2016 0:58,454,E 51 St & 1 Ave,40.75455731,-73.96592976,504,1 Ave & E 15 St,40.73221853,-73.98165557,22123,Subscriber,1987,1
1033,1/1/2016 0:41,1/1/2016 0:58,439,E 4 St & 2 Ave,40.7262807,-73.98978041,380,W 4 St & 7 Ave S,40.73401143,-74.00293877,21683,Subscriber,1970,1
602,1/1/2016 0:41,1/1/2016 0:51,257,Lispenard St & Broadway,40.71939226,-74.00247214,358,Christopher St & Greenwich St,40.73291553,-74.00711384,21049,Subscriber,1980,2
382,1/1/2016 0:41,1/1/2016 0:48,3163,Central Park West & W 68 St,40.7734066,-73.97782542,3172,W 74 St & Columbus Ave,40.7785669,-73.97754961,23155,Subscriber,1970,1
905,1/1/2016 0:41,1/1/2016 0:57,116,W 17 St & 8 Ave,40.74177603,-74.00149746,495,W 47 St & 10 Ave,40.76269882,-73.99301222,21512,Subscriber,1984,1
311,1/1/2016 0:42,1/1/2016 0:47,3226,W 82 St & Central Park West,40.78275,-73.97137,3171,Amsterdam Ave & W 82 St,40.78524672,-73.97667321,16610,Subscriber,1957,2
346,1/1/2016 0:42,1/1/2016 0:48,3163,Central Park West & W 68 St,40.7734066,-73.97782542,3172,W 74 St & Columbus Ave,40.7785669,-73.97754961,18253,Subscriber,1981,2
503,1/1/2016 0:43,1/1/2016 0:51,383,Greenwich Ave & Charles St,40.735238,-74.000271,462,W 22 St & 10 Ave,40.74691959,-74.00451887,22606,Subscriber,1984,1
1444,1/1/2016 0:43,1/1/2016 1:07,455,1 Ave & E 44 St,40.75001986,-73.96905301,3156,E 72 St & York Ave,40.76663814,-73.95348296,19976,Customer,,0
1428,1/1/2016 0:43,1/1/2016 1:07,455,1 Ave & E 44 St,40.75001986,-73.96905301,3156,E 72 St & York Ave,40.76663814,-73.95348296,22401,Customer,,0
469,1/1/2016 0:44,1/1/2016 0:51,3137,5 Ave & E 73 St,40.77282817,-73.96685276,3141,1 Ave & E 68 St,40.76500525,-73.95818491,20080,Subscriber,1977,1
159,1/1/2016 0:44,1/1/2016 0:46,3078,Broadway & Roebling St,40.70925562,-73.95982218,481,S 3 St & Bedford Ave,40.71260486,-73.96264403,16948,Subscriber,1990,1
705,1/1/2016 0:44,1/1/2016 0:55,252,MacDougal St & Washington Sq,40.73226398,-73.99852205,494,W 26 St & 8 Ave,40.74734825,-73.99723551,20804,Subscriber,1964,1
1967,1/1/2016 0:44,1/1/2016 1:17,217,Old Fulton St,40.70277159,-73.99383605,327,Vesey Pl & River Terrace,40.7153379,-74.01658354,23284,Customer,,0
1716,1/1/2016 0:44,1/1/2016 1:12,391,Clark St & Henry St,40.69760127,-73.99344559,302,Avenue D & E 3 St,40.72082834,-73.97793172,23931,Subscriber,1963,1
1253,1/1/2016 0:44,1/1/2016 1:05,484,W 44 St & 5 Ave,40.75500254,-73.98014437,151,Cleveland Pl & Spring St,40.72210379,-73.99724901,16380,Customer,,0
1413,1/1/2016 0:44,1/1/2016 1:07,455,1 Ave & E 44 St,40.75001986,-73.96905301,3156,E 72 St & York Ave,40.76663814,-73.95348296,15924,Customer,,0
1249,1/1/2016 0:44,1/1/2016 1:05,484,W 44 St & 5 Ave,40.75500254,-73.98014437,151,Cleveland Pl & Spring St,40.72210379,-73.99724901,18860,Customer,,0
1955,1/1/2016 0:44,1/1/2016 1:17,217,Old Fulton St,40.70277159,-73.99383605,327,Vesey Pl & River Terrace,40.7153379,-74.01658354,21209,Customer,,0
1447,1/1/2016 0:44,1/1/2016 1:08,455,1 Ave & E 44 St,40.75001986,-73.96905301,3156,E 72 St & York Ave,40.76663814,-73.95348296,21034,Customer,,0
1232,1/1/2016 0:44,1/1/2016 1:05,484,W 44 St & 5 Ave,40.75500254,-73.98014437,151,Cleveland Pl & Spring St,40.72210379,-73.99724901,19917,Customer,,0
529,1/1/2016 0:45,1/1/2016 0:54,344,Monroe St & Bedford Ave,40.6851443,-73.95380904,3060,Willoughby Ave & Tompkins Ave,40.69425403,-73.94626915,23326,Subscriber,1978,2
525,1/1/2016 0:45,1/1/2016 0:54,344,Monroe St & Bedford Ave,40.6851443,-73.95380904,3060,Willoughby Ave & Tompkins Ave,40.69425403,-73.94626915,22920,Subscriber,1977,1
550,1/1/2016 0:45,1/1/2016 0:54,505,6 Ave & W 33 St,40.74901271,-73.98848395,482,W 15 St & 7 Ave,40.73935542,-73.99931783,23775,Subscriber,1977,2
926,1/1/2016 0:45,1/1/2016 1:00,3143,5 Ave & E 78 St,40.77682863,-73.96388769,305,E 58 St & 3 Ave,40.76095756,-73.96724467,18247,Customer,,0
914,1/1/2016 0:45,1/1/2016 1:00,3143,5 Ave & E 78 St,40.77682863,-73.96388769,305,E 58 St & 3 Ave,40.76095756,-73.96724467,24244,Subscriber,1986,1
1087,1/1/2016 0:45,1/1/2016 1:03,296,Division St & Bowery,40.71413089,-73.9970468,355,Bayard St & Baxter St,40.71602118,-73.99974372,24098,Subscriber,1985,1
1339,1/1/2016 0:45,1/1/2016 1:08,529,W 42 St & 8 Ave,40.7575699,-73.99098507,445,E 10 St & Avenue A,40.72740794,-73.98142006,24272,Subscriber,1971,1
914,1/1/2016 0:45,1/1/2016 1:00,3175,W 70 St & Amsterdam Ave,40.77748046,-73.98288594,500,Broadway & W 51 St,40.76228826,-73.98336183,21639,Customer,,0
939,1/1/2016 0:45,1/1/2016 1:01,3162,W 78 St & Broadway,40.78339981,-73.98093133,479,9 Ave & W 45 St,40.76019252,-73.9912551,16177,Subscriber,1978,2
3049,1/1/2016 0:45,1/1/2016 1:36,3103,N 11 St & Wythe Ave,40.72153267,-73.95782357,308,St James Pl & Oliver St,40.71307916,-73.99851193,23273,Customer,,0
1718,1/1/2016 0:45,1/1/2016 1:14,3176,W 64 St & West End Ave,40.77452835,-73.98753759,3140,1 Ave & E 78 St,40.77140426,-73.9535166,22423,Subscriber,1959,1
893,1/1/2016 0:45,1/1/2016 1:00,3175,W 70 St & Amsterdam Ave,40.77748046,-73.98288594,500,Broadway & W 51 St,40.76228826,-73.98336183,19557,Subscriber,1984,1
178,1/1/2016 0:46,1/1/2016 0:49,3088,Union Ave & Jackson St,40.7160751,-73.952029,3090,N 8 St & Driggs Ave,40.71774592,-73.95600096,23998,Subscriber,1974,2
567,1/1/2016 0:46,1/1/2016 0:55,297,E 15 St & 3 Ave,40.734232,-73.986923,434,9 Ave & W 18 St,40.74317449,-74.00366443,20753,Subscriber,1983,1
565,1/1/2016 0:47,1/1/2016 0:56,479,9 Ave & W 45 St,40.76019252,-73.9912551,512,W 29 St & 9 Ave,40.7500727,-73.99839279,19804,Subscriber,1963,2
525,1/1/2016 0:47,1/1/2016 0:55,474,5 Ave & E 29 St,40.7451677,-73.98683077,470,W 20 St & 8 Ave,40.74345335,-74.00004031,22823,Subscriber,1975,2
557,1/1/2016 0:47,1/1/2016 0:56,382,University Pl & E 14 St,40.73492695,-73.99200509,301,E 2 St & Avenue B,40.72217444,-73.98368779,18871,Subscriber,1976,1
1296,1/1/2016 0:47,1/1/2016 1:08,410,Suffolk St & Stanton St,40.72066442,-73.98517977,3092,Berry St & N 8 St,40.7190095,-73.95852515,14915,Customer,,0
1242,1/1/2016 0:47,1/1/2016 1:08,455,1 Ave & E 44 St,40.75001986,-73.96905301,3156,E 72 St & York Ave,40.76663814,-73.95348296,15321,Customer,,0
431,1/1/2016 0:47,1/1/2016 0:54,495,W 47 St & 10 Ave,40.76269882,-73.99301222,449,W 52 St & 9 Ave,40.76461837,-73.98789473,22638,Subscriber,1971,1
522,1/1/2016 0:47,1/1/2016 0:56,445,E 10 St & Avenue A,40.72740794,-73.98142006,285,Broadway & E 14 St,40.73454567,-73.99074142,20872,Subscriber,1966,1
528,1/1/2016 0:47,1/1/2016 0:56,479,9 Ave & W 45 St,40.76019252,-73.9912551,512,W 29 St & 9 Ave,40.7500727,-73.99839279,14769,Customer,,0
941,1/1/2016 0:47,1/1/2016 1:03,410,Suffolk St & Stanton St,40.72066442,-73.98517977,455,1 Ave & E 44 St,40.75001986,-73.96905301,24194,Subscriber,1985,1
326,1/1/2016 0:47,1/1/2016 0:53,3002,South End Ave & Liberty St,40.711512,-74.015756,152,Warren St & Church St,40.71473993,-74.00910627,22794,Subscriber,1961,2
602,1/1/2016 0:47,1/1/2016 0:58,312,Allen St & E Houston St,40.722055,-73.989111,128,MacDougal St & Prince St,40.72710258,-74.00297088,23325,Subscriber,1986,2
1260,1/1/2016 0:47,1/1/2016 1:08,410,Suffolk St & Stanton St,40.72066442,-73.98517977,3092,Berry St & N 8 St,40.7190095,-73.95852515,19079,Customer,,0
521,1/1/2016 0:48,1/1/2016 0:56,3065,Union Ave & Wallabout St,40.70029511,-73.95032283,409,DeKalb Ave & Skillman St,40.6906495,-73.95643107,23115,Subscriber,1982,1
965,1/1/2016 0:48,1/1/2016 1:04,387,Centre St & Chambers St,40.71273266,-74.0046073,492,W 33 St & 7 Ave,40.75019995,-73.99093085,16989,Subscriber,1981,2
2930,1/1/2016 0:48,1/1/2016 1:37,3103,N 11 St & Wythe Ave,40.72153267,-73.95782357,308,St James Pl & Oliver St,40.71307916,-73.99851193,18945,Customer,,0
2851,1/1/2016 0:48,1/1/2016 1:36,3103,N 11 St & Wythe Ave,40.72153267,-73.95782357,308,St James Pl & Oliver St,40.71307916,-73.99851193,17428,Customer,,0
2868,1/1/2016 0:49,1/1/2016 1:36,3103,N 11 St & Wythe Ave,40.72153267,-73.95782357,308,St James Pl & Oliver St,40.71307916,-73.99851193,14588,Customer,,0
860,1/1/2016 0:49,1/1/2016 1:03,484,W 44 St & 5 Ave,40.75500254,-73.98014437,3163,Central Park West & W 68 St,40.7734066,-73.97782542,24158,Subscriber,1971,1
399,1/1/2016 0:49,1/1/2016 0:56,276,Duane St & Greenwich St,40.71748752,-74.0104554,268,Howard St & Centre St,40.71910537,-73.99973337,22040,Subscriber,1991,2
1123,1/1/2016 0:49,1/1/2016 1:08,307,Canal St & Rutgers St,40.71427487,-73.98990025,79,Franklin St & W Broadway,40.71911552,-74.00666661,15318,Subscriber,1973,1
2824,1/1/2016 0:49,1/1/2016 1:36,3103,N 11 St & Wythe Ave,40.72153267,-73.95782357,308,St James Pl & Oliver St,40.71307916,-73.99851193,22949,Customer,,0
677,1/1/2016 0:49,1/1/2016 1:00,513,W 56 St & 10 Ave,40.768254,-73.988639,448,W 37 St & 10 Ave,40.75660359,-73.9979009,23578,Subscriber,1967,1
289,1/1/2016 0:49,1/1/2016 0:54,442,W 27 St & 7 Ave,40.746647,-73.993915,521,8 Ave & W 31 St,40.75096735,-73.99444208,21222,Customer,,0
292,1/1/2016 0:49,1/1/2016 0:54,442,W 27 St & 7 Ave,40.746647,-73.993915,521,8 Ave & W 31 St,40.75096735,-73.99444208,18112,Customer,,0
395,1/1/2016 0:49,1/1/2016 0:56,237,E 11 St & 2 Ave,40.73047309,-73.98672378,237,E 11 St & 2 Ave,40.73047309,-73.98672378,19424,Subscriber,1978,1
771,1/1/2016 0:51,1/1/2016 1:03,486,Broadway & W 29 St,40.7462009,-73.98855723,432,E 7 St & Avenue A,40.72621788,-73.98379855,18344,Subscriber,1985,1
134,1/1/2016 0:51,1/1/2016 0:53,439,E 4 St & 2 Ave,40.7262807,-73.98978041,439,E 4 St & 2 Ave,40.7262807,-73.98978041,24021,Subscriber,1962,1
861,1/1/2016 0:51,1/1/2016 1:06,387,Centre St & Chambers St,40.71273266,-74.0046073,377,6 Ave & Canal St,40.72243797,-74.00566443,20978,Subscriber,1991,1
1119,1/1/2016 0:51,1/1/2016 1:10,3136,5 Ave & E 63 St,40.76650452,-73.97147595,432,E 7 St & Avenue A,40.72621788,-73.98379855,22200,Subscriber,1977,1
855,1/1/2016 0:52,1/1/2016 1:06,362,Broadway & W 37 St,40.75172632,-73.98753523,470,W 20 St & 8 Ave,40.74345335,-74.00004031,22082,Subscriber,1965,1
673,1/1/2016 0:52,1/1/2016 1:03,490,8 Ave & W 33 St,40.751551,-73.993934,497,E 17 St & Broadway,40.73704984,-73.99009296,23538,Subscriber,1988,2
753,1/1/2016 0:52,1/1/2016 1:05,3238,E 80 St & 2 Ave,40.7739139,-73.95439535,385,E 55 St & 2 Ave,40.75797322,-73.96603308,22570,Subscriber,1970,1
691,1/1/2016 0:53,1/1/2016 1:04,512,W 29 St & 9 Ave,40.7500727,-73.99839279,285,Broadway & E 14 St,40.73454567,-73.99074142,22128,Subscriber,1973,1
1556,1/1/2016 0:53,1/1/2016 1:18,160,E 37 St & Lexington Ave,40.748238,-73.978311,295,Pike St & E Broadway,40.71406667,-73.99293911,23982,Subscriber,1984,1
386,1/1/2016 0:53,1/1/2016 0:59,499,Broadway & W 60 St,40.76915505,-73.98191841,3165,Central Park West & W 72 St,40.77579377,-73.97620574,14733,Subscriber,1972,2
535,1/1/2016 0:53,1/1/2016 1:02,410,Suffolk St & Stanton St,40.72066442,-73.98517977,483,E 12 St & 3 Ave,40.73223272,-73.98889957,22029,Subscriber,1989,1
337,1/1/2016 0:54,1/1/2016 0:59,439,E 4 St & 2 Ave,40.7262807,-73.98978041,251,Mott St & Prince St,40.72317958,-73.99480012,15082,Subscriber,1962,1
343,1/1/2016 0:54,1/1/2016 0:59,364,Lafayette Ave & Classon Ave,40.68900443,-73.96023854,258,DeKalb Ave & Vanderbilt Ave,40.68940747,-73.96885458,23881,Subscriber,1981,2
289,1/1/2016 0:54,1/1/2016 0:59,527,E 33 St & 2 Ave,40.744023,-73.976056,526,E 33 St & 5 Ave,40.74765947,-73.98490707,17090,Subscriber,1985,1
1133,1/1/2016 0:54,1/1/2016 1:13,449,W 52 St & 9 Ave,40.76461837,-73.98789473,540,Lexington Ave & E 29 St,40.74311555,-73.98215353,23777,Subscriber,1948,2
257,1/1/2016 0:54,1/1/2016 0:58,3170,W 84 St & Columbus Ave,40.78499979,-73.97283406,3167,Amsterdam Ave & W 73 St,40.77966809,-73.98093045,19582,Subscriber,1985,1
2429,1/1/2016 0:54,1/1/2016 1:35,531,Forsyth St & Broome St,40.71893904,-73.99266288,3103,N 11 St & Wythe Ave,40.72153267,-73.95782357,22104,Customer,,0
717,1/1/2016 0:54,1/1/2016 1:06,212,W 16 St & The High Line,40.74334935,-74.00681753,488,W 39 St & 9 Ave,40.75645824,-73.99372222,17653,Subscriber,1991,2
1804,1/1/2016 0:55,1/1/2016 1:25,490,8 Ave & W 33 St,40.751551,-73.993934,491,E 24 St & Park Ave S,40.74096374,-73.98602213,15341,Customer,,0
659,1/1/2016 0:55,1/1/2016 1:06,387,Centre St & Chambers St,40.71273266,-74.0046073,377,6 Ave & Canal St,40.72243797,-74.00566443,18602,Subscriber,1991,1
1793,1/1/2016 0:55,1/1/2016 1:25,490,8 Ave & W 33 St,40.751551,-73.993934,491,E 24 St & Park Ave S,40.74096374,-73.98602213,18919,Customer,,0
426,1/1/2016 0:56,1/1/2016 1:03,401,Allen St & Rivington St,40.72019576,-73.98997825,308,St James Pl & Oliver St,40.71307916,-73.99851193,22103,Subscriber,1989,2
390,1/1/2016 0:56,1/1/2016 1:02,479,9 Ave & W 45 St,40.76019252,-73.9912551,512,W 29 St & 9 Ave,40.7500727,-73.99839279,14706,Subscriber,1985,1
805,1/1/2016 0:56,1/1/2016 1:10,400,Pitt St & Stanton St,40.71926081,-73.98178024,475,E 16 St & Irving Pl,40.73524276,-73.98758561,20220,Subscriber,1959,2
549,1/1/2016 0:57,1/1/2016 1:06,387,Centre St & Chambers St,40.71273266,-74.0046073,377,6 Ave & Canal St,40.72243797,-74.00566443,18667,Customer,,0
292,1/1/2016 0:57,1/1/2016 1:02,3164,Columbus Ave & W 72 St,40.7770575,-73.97898475,3178,Riverside Dr & W 78 St,40.78414472,-73.98362492,19492,Subscriber,1964,1
478,1/1/2016 0:57,1/1/2016 1:05,361,Allen St & Hester St,40.71605866,-73.99190759,432,E 7 St & Avenue A,40.72621788,-73.98379855,24314,Subscriber,1982,2
1029,1/1/2016 0:57,1/1/2016 1:14,509,9 Ave & W 22 St,40.7454973,-74.00197139,174,E 25 St & 1 Ave,40.7381765,-73.97738662,18735,Subscriber,1942,1
319,1/1/2016 0:57,1/1/2016 1:02,497,E 17 St & Broadway,40.73704984,-73.99009296,504,1 Ave & E 15 St,40.73221853,-73.98165557,20100,Subscriber,1958,2
134,1/1/2016 0:57,1/1/2016 0:59,237,E 11 St & 2 Ave,40.73047309,-73.98672378,300,Shevchenko Pl & E 7 St,40.728145,-73.990214,19424,Subscriber,1995,1
347,1/1/2016 0:57,1/1/2016 1:03,297,E 15 St & 3 Ave,40.734232,-73.986923,435,W 21 St & 6 Ave,40.74173969,-73.99415556,15385,Subscriber,1987,1
318,1/1/2016 0:57,1/1/2016 1:02,497,E 17 St & Broadway,40.73704984,-73.99009296,504,1 Ave & E 15 St,40.73221853,-73.98165557,22940,Subscriber,1957,1
470,1/1/2016 0:57,1/1/2016 1:05,361,Allen St & Hester St,40.71605866,-73.99190759,432,E 7 St & Avenue A,40.72621788,-73.98379855,23890,Subscriber,1981,1
326222,1/1/2016 0:58,1/4/2016 19:35,391,Clark St & Henry St,40.69760127,-73.99344559,310,State St & Smith St,40.68926942,-73.98912867,18591,Subscriber,1979,1
856,1/1/2016 0:58,1/1/2016 1:12,3066,Tompkins Ave & Hopkins St,40.69957608,-73.94708417,3042,Fulton St & Utica Ave,40.6794268,-73.9298911,23271,Subscriber,1981,1
557,1/1/2016 0:58,1/1/2016 1:08,387,Centre St & Chambers St,40.71273266,-74.0046073,250,Lafayette St & Jersey St,40.72456089,-73.99565293,21228,Customer,,0
446,1/1/2016 0:59,1/1/2016 1:06,509,9 Ave & W 22 St,40.7454973,-74.00197139,252,MacDougal St & Washington Sq,40.73226398,-73.99852205,22541,Subscriber,1971,1
1418,1/1/2016 0:59,1/1/2016 1:23,3158,W 63 St & Broadway,40.77163851,-73.98261428,3137,5 Ave & E 73 St,40.77282817,-73.96685276,21018,Customer,,0
479,1/1/2016 0:59,1/1/2016 1:07,448,W 37 St & 10 Ave,40.75660359,-73.9979009,453,W 22 St & 8 Ave,40.74475148,-73.99915362,23853,Subscriber,1984,1
883,1/1/2016 0:59,1/1/2016 1:14,410,Suffolk St & Stanton St,40.72066442,-73.98517977,3073,Division Ave & Hooper St,40.70691254,-73.95441667,21287,Subscriber,1990,1
1499,1/1/2016 1:00,1/1/2016 1:25,445,E 10 St & Avenue A,40.72740794,-73.98142006,3115,India St & Manhattan Ave,40.73232194,-73.9550858,23909,Subscriber,1986,1
2216,1/1/2016 1:00,1/1/2016 1:37,3168,Central Park West & W 85 St,40.78472675,-73.96961715,484,W 44 St & 5 Ave,40.75500254,-73.98014437,17582,Subscriber,1965,1
1042,1/1/2016 1:00,1/1/2016 1:17,410,Suffolk St & Stanton St,40.72066442,-73.98517977,3107,Bedford Ave & Nassau Ave,40.72311651,-73.95212324,22270,Subscriber,1982,1
707,1/1/2016 1:00,1/1/2016 1:12,263,Elizabeth St & Hester St,40.71729,-73.996375,326,E 11 St & 1 Ave,40.72953837,-73.98426726,23706,Subscriber,1970,1
260,1/1/2016 1:00,1/1/2016 1:05,3086,Graham Ave & Conselyea St,40.715143,-73.944507,3070,McKibbin St & Manhattan Ave,40.70510918,-73.94407279,23393,Subscriber,1975,1
224,1/1/2016 1:01,1/1/2016 1:05,3226,W 82 St & Central Park West,40.78275,-73.97137,3170,W 84 St & Columbus Ave,40.78499979,-73.97283406,20348,Subscriber,1990,1
1025,1/1/2016 1:01,1/1/2016 1:18,536,1 Ave & E 30 St,40.74144387,-73.97536082,478,11 Ave & W 41 St,40.76030096,-73.99884222,23808,Subscriber,1977,1
2071,1/1/2016 1:01,1/1/2016 1:35,3165,Central Park West & W 72 St,40.77579377,-73.97620574,450,W 49 St & 8 Ave,40.76227205,-73.98788205,17236,Customer,,0
2068,1/1/2016 1:01,1/1/2016 1:35,3165,Central Park West & W 72 St,40.77579377,-73.97620574,450,W 49 St & 8 Ave,40.76227205,-73.98788205,22174,Customer,,0
491,1/1/2016 1:01,1/1/2016 1:09,79,Franklin St & W Broadway,40.71911552,-74.00666661,363,West Thames St,40.70834698,-74.01713445,22651,Subscriber,1962,1
1378,1/1/2016 1:01,1/1/2016 1:24,405,Washington St & Gansevoort St,40.739323,-74.008119,350,Clinton St & Grand St,40.71559509,-73.9870295,20962,Subscriber,1975,2
411,1/1/2016 1:02,1/1/2016 1:09,3164,Columbus Ave & W 72 St,40.7770575,-73.97898475,3171,Amsterdam Ave & W 82 St,40.78524672,-73.97667321,20339,Subscriber,1991,2
503,1/1/2016 1:02,1/1/2016 1:11,3165,Central Park West & W 72 St,40.77579377,-73.97620574,3168,Central Park West & W 85 St,40.78472675,-73.96961715,14733,Subscriber,1976,1
1732,1/1/2016 1:02,1/1/2016 1:31,500,Broadway & W 51 St,40.76228826,-73.98336183,3175,W 70 St & Amsterdam Ave,40.77748046,-73.98288594,19557,Subscriber,1984,1
591,1/1/2016 1:03,1/1/2016 1:13,3224,W 13 St & Hudson St,40.73997354,-74.00513873,229,Great Jones St,40.72743423,-73.99379025,18369,Subscriber,1956,1
939,1/1/2016 1:03,1/1/2016 1:19,3231,E 67 St & Park Ave,40.7678008,-73.96592081,3155,Lexington Ave & E 63 St,40.76440023,-73.96648977,18216,Subscriber,1977,1
1163,1/1/2016 1:03,1/1/2016 1:22,330,Reade St & Broadway,40.71450451,-74.00562789,319,Fulton St & Broadway,40.711066,-74.009447,14694,Customer,,0
383,1/1/2016 1:03,1/1/2016 1:09,380,W 4 St & 7 Ave S,40.73401143,-74.00293877,405,Washington St & Gansevoort St,40.739323,-74.008119,21683,Subscriber,1979,1
1524,1/1/2016 1:03,1/1/2016 1:29,3163,Central Park West & W 68 St,40.7734066,-73.97782542,334,W 20 St & 7 Ave,40.74238787,-73.99726235,24158,Subscriber,1976,2
216,1/1/2016 1:03,1/1/2016 1:07,439,E 4 St & 2 Ave,40.7262807,-73.98978041,375,Mercer St & Bleecker St,40.72679454,-73.99695094,18161,Subscriber,1988,1
1654,1/1/2016 1:03,1/1/2016 1:31,305,E 58 St & 3 Ave,40.76095756,-73.96724467,236,St Marks Pl & 2 Ave,40.7284186,-73.98713956,18247,Customer,,0
1635,1/1/2016 1:03,1/1/2016 1:31,305,E 58 St & 3 Ave,40.76095756,-73.96724467,236,St Marks Pl & 2 Ave,40.7284186,-73.98713956,24244,Subscriber,1986,1
1118,1/1/2016 1:04,1/1/2016 1:22,330,Reade St & Broadway,40.71450451,-74.00562789,319,Fulton St & Broadway,40.711066,-74.009447,18755,Customer,,0
652,1/1/2016 1:04,1/1/2016 1:15,285,Broadway & E 14 St,40.73454567,-73.99074142,442,W 27 St & 7 Ave,40.746647,-73.993915,24153,Subscriber,1974,1
276,1/1/2016 1:04,1/1/2016 1:08,3160,Central Park West & W 76 St,40.77896784,-73.97374737,3168,Central Park West & W 85 St,40.78472675,-73.96961715,18982,Subscriber,1953,1
1282,1/1/2016 1:04,1/1/2016 1:25,3087,Metropolitan Ave & Meeker Ave,40.71413311,-73.95234386,3041,Kingston Ave & Herkimer St,40.67890679,-73.94142771,22645,Subscriber,1966,1
2644,1/1/2016 1:04,1/1/2016 1:48,473,Rivington St & Chrystie St,40.72110063,-73.9919254,3002,South End Ave & Liberty St,40.711512,-74.015756,17460,Customer,,0
153,1/1/2016 1:04,1/1/2016 1:07,442,W 27 St & 7 Ave,40.746647,-73.993915,466,W 25 St & 6 Ave,40.74395411,-73.99144871,14739,Subscriber,1957,1
2642,1/1/2016 1:04,1/1/2016 1:48,473,Rivington St & Chrystie St,40.72110063,-73.9919254,3002,South End Ave & Liberty St,40.711512,-74.015756,23082,Customer,,0
1207,1/1/2016 1:04,1/1/2016 1:24,524,W 43 St & 6 Ave,40.75527307,-73.98316936,509,9 Ave & W 22 St,40.7454973,-74.00197139,23922,Subscriber,1983,1
620,1/1/2016 1:05,1/1/2016 1:15,3158,W 63 St & Broadway,40.77163851,-73.98261428,3134,3 Ave & E 62 St,40.76312584,-73.96526895,23437,Subscriber,1957,1
367,1/1/2016 1:05,1/1/2016 1:11,3165,Central Park West & W 72 St,40.77579377,-73.97620574,3168,Central Park West & W 85 St,40.78472675,-73.96961715,19859,Subscriber,1984,2
325,1/1/2016 1:05,1/1/2016 1:11,350,Clinton St & Grand St,40.71559509,-73.9870295,308,St James Pl & Oliver St,40.71307916,-73.99851193,21703,Subscriber,1965,1
316,1/1/2016 1:05,1/1/2016 1:11,500,Broadway & W 51 St,40.76228826,-73.98336183,2006,Central Park S & 6 Ave,40.76590936,-73.97634151,22632,Subscriber,1987,1
756,1/1/2016 1:05,1/1/2016 1:18,448,W 37 St & 10 Ave,40.75660359,-73.9979009,507,E 25 St & 2 Ave,40.73912601,-73.97973776,23710,Subscriber,1986,1
931,1/1/2016 1:05,1/1/2016 1:21,334,W 20 St & 7 Ave,40.74238787,-73.99726235,439,E 4 St & 2 Ave,40.7262807,-73.98978041,20519,Subscriber,1960,1
298,1/1/2016 1:05,1/1/2016 1:10,500,Broadway & W 51 St,40.76228826,-73.98336183,2006,Central Park S & 6 Ave,40.76590936,-73.97634151,14909,Subscriber,1984,1
1552,1/1/2016 1:06,1/1/2016 1:31,500,Broadway & W 51 St,40.76228826,-73.98336183,3175,W 70 St & Amsterdam Ave,40.77748046,-73.98288594,21639,Customer,,0
1289,1/1/2016 1:06,1/1/2016 1:28,492,W 33 St & 7 Ave,40.75019995,-73.99093085,250,Lafayette St & Jersey St,40.72456089,-73.99565293,24036,Subscriber,1984,1
1282,1/1/2016 1:06,1/1/2016 1:28,492,W 33 St & 7 Ave,40.75019995,-73.99093085,250,Lafayette St & Jersey St,40.72456089,-73.99565293,16376,Subscriber,1989,2
857,1/1/2016 1:07,1/1/2016 1:21,3041,Kingston Ave & Herkimer St,40.67890679,-73.94142771,3068,Humboldt St & Varet St,40.7031724,-73.940636,22613,Subscriber,1990,1
853,1/1/2016 1:07,1/1/2016 1:21,3041,Kingston Ave & Herkimer St,40.67890679,-73.94142771,3068,Humboldt St & Varet St,40.7031724,-73.940636,20190,Subscriber,1989,2
1140,1/1/2016 1:07,1/1/2016 1:26,147,Greenwich St & Warren St,40.71542197,-74.01121978,375,Mercer St & Bleecker St,40.72679454,-73.99695094,18660,Customer,,0
801,1/1/2016 1:07,1/1/2016 1:21,2003,1 Ave & E 18 St,40.73381219,-73.98054421,439,E 4 St & 2 Ave,40.7262807,-73.98978041,24249,Subscriber,1954,2
375,1/1/2016 1:07,1/1/2016 1:14,291,Madison St & Montgomery St,40.713126,-73.984844,311,Norfolk St & Broome St,40.7172274,-73.98802084,22973,Subscriber,1980,2
1094,1/1/2016 1:07,1/1/2016 1:26,147,Greenwich St & Warren St,40.71542197,-74.01121978,375,Mercer St & Bleecker St,40.72679454,-73.99695094,15895,Customer,,0
1659,1/1/2016 1:08,1/1/2016 1:35,529,W 42 St & 8 Ave,40.7575699,-73.99098507,348,W Broadway & Spring St,40.72490985,-74.00154702,23102,Customer,,0
848,1/1/2016 1:08,1/1/2016 1:22,524,W 43 St & 6 Ave,40.75527307,-73.98316936,499,Broadway & W 60 St,40.76915505,-73.98191841,16167,Customer,,0
841,1/1/2016 1:08,1/1/2016 1:22,524,W 43 St & 6 Ave,40.75527307,-73.98316936,499,Broadway & W 60 St,40.76915505,-73.98191841,19549,Customer,,0
444,1/1/2016 1:08,1/1/2016 1:15,3139,E 72 St & Park Ave,40.77118288,-73.96409422,3156,E 72 St & York Ave,40.76663814,-73.95348296,16050,Subscriber,1980,2
1111,1/1/2016 1:08,1/1/2016 1:26,3163,Central Park West & W 68 St,40.7734066,-73.97782542,3147,E 85 St & 3 Ave,40.77801203,-73.95407149,16247,Subscriber,1971,1
1359,1/1/2016 1:08,1/1/2016 1:31,513,W 56 St & 10 Ave,40.768254,-73.988639,519,Pershing Square North,40.751873,-73.977706,21359,Subscriber,1983,1
1628,1/1/2016 1:08,1/1/2016 1:35,529,W 42 St & 8 Ave,40.7575699,-73.99098507,348,W Broadway & Spring St,40.72490985,-74.00154702,22089,Customer,,0
422,1/1/2016 1:08,1/1/2016 1:15,3139,E 72 St & Park Ave,40.77118288,-73.96409422,3156,E 72 St & York Ave,40.76663814,-73.95348296,21456,Subscriber,1980,1
1356,1/1/2016 1:08,1/1/2016 1:31,513,W 56 St & 10 Ave,40.768254,-73.988639,519,Pershing Square North,40.751873,-73.977706,22440,Subscriber,1985,2
1132,1/1/2016 1:08,1/1/2016 1:27,3224,W 13 St & Hudson St,40.73997354,-74.00513873,448,W 37 St & 10 Ave,40.75660359,-73.9979009,17314,Subscriber,1962,2
249,1/1/2016 1:09,1/1/2016 1:13,494,W 26 St & 8 Ave,40.74734825,-73.99723551,490,8 Ave & W 33 St,40.751551,-73.993934,24185,Subscriber,1991,2
881,1/1/2016 1:09,1/1/2016 1:23,521,8 Ave & W 31 St,40.75096735,-73.99444208,405,Washington St & Gansevoort St,40.739323,-74.008119,20648,Subscriber,1988,1
317,1/1/2016 1:09,1/1/2016 1:14,459,W 20 St & 11 Ave,40.746745,-74.007756,284,Greenwich Ave & 8 Ave,40.73901691,-74.00263761,16917,Subscriber,1992,1
415,1/1/2016 1:09,1/1/2016 1:16,237,E 11 St & 2 Ave,40.73047309,-73.98672378,410,Suffolk St & Stanton St,40.72066442,-73.98517977,17838,Subscriber,1978,1
300,1/1/2016 1:09,1/1/2016 1:14,325,E 19 St & 3 Ave,40.73624527,-73.98473765,174,E 25 St & 1 Ave,40.7381765,-73.97738662,23841,Subscriber,1967,1
238,1/1/2016 1:09,1/1/2016 1:13,448,W 37 St & 10 Ave,40.75660359,-73.9979009,495,W 47 St & 10 Ave,40.76269882,-73.99301222,23578,Subscriber,1987,1
499,1/1/2016 1:09,1/1/2016 1:17,3137,5 Ave & E 73 St,40.77282817,-73.96685276,3140,1 Ave & E 78 St,40.77140426,-73.9535166,22761,Subscriber,1978,2
520,1/1/2016 1:09,1/1/2016 1:18,285,Broadway & E 14 St,40.73454567,-73.99074142,394,E 9 St & Avenue C,40.72521311,-73.97768752,22128,Subscriber,1965,1
345,1/1/2016 1:09,1/1/2016 1:15,265,Stanton St & Chrystie St,40.72229346,-73.99147535,308,St James Pl & Oliver St,40.71307916,-73.99851193,15592,Subscriber,1984,2
11334,1/1/2016 1:09,1/1/2016 4:18,479,9 Ave & W 45 St,40.76019252,-73.9912551,267,Broadway & W 36 St,40.75097711,-73.98765428,16177,Customer,,0
784,1/1/2016 1:09,1/1/2016 1:22,3136,5 Ave & E 63 St,40.76650452,-73.97147595,3177,W 84 St & Broadway,40.7867947,-73.977112,19365,Subscriber,1989,1
192,1/1/2016 1:09,1/1/2016 1:12,399,Lafayette Ave & St James Pl,40.68851534,-73.9647628,3049,Cambridge Pl & Gates Ave,40.68488,-73.96304,20908,Subscriber,1992,1
847,1/1/2016 1:09,1/1/2016 1:23,521,8 Ave & W 31 St,40.75096735,-73.99444208,405,Washington St & Gansevoort St,40.739323,-74.008119,19409,Subscriber,1990,2
2565,1/1/2016 1:09,1/1/2016 1:52,350,Clinton St & Grand St,40.71559509,-73.9870295,120,Lexington Ave & Classon Ave,40.68676793,-73.95928168,23503,Subscriber,1975,2
850,1/1/2016 1:09,1/1/2016 1:24,379,W 31 St & 7 Ave,40.749156,-73.9916,428,E 3 St & 1 Ave,40.72467721,-73.98783413,22948,Subscriber,1980,1
11297,1/1/2016 1:10,1/1/2016 4:18,479,9 Ave & W 45 St,40.76019252,-73.9912551,267,Broadway & W 36 St,40.75097711,-73.98765428,20149,Customer,,0
2530,1/1/2016 1:10,1/1/2016 1:52,350,Clinton St & Grand St,40.71559509,-73.9870295,120,Lexington Ave & Classon Ave,40.68676793,-73.95928168,23767,Subscriber,1970,1
79,1/1/2016 1:10,1/1/2016 1:11,395,Bond St & Schermerhorn St,40.68807003,-73.98410637,395,Bond St & Schermerhorn St,40.68807003,-73.98410637,24277,Subscriber,1986,1
340,1/1/2016 1:10,1/1/2016 1:16,449,W 52 St & 9 Ave,40.76461837,-73.98789473,495,W 47 St & 10 Ave,40.76269882,-73.99301222,20988,Subscriber,1970,2
330,1/1/2016 1:10,1/1/2016 1:16,449,W 52 St & 9 Ave,40.76461837,-73.98789473,495,W 47 St & 10 Ave,40.76269882,-73.99301222,22638,Subscriber,1975,1
451,1/1/2016 1:10,1/1/2016 1:18,521,8 Ave & W 31 St,40.75096735,-73.99444208,450,W 49 St & 8 Ave,40.76227205,-73.98788205,21992,Subscriber,1978,1
7881,1/1/2016 1:10,1/1/2016 3:22,479,9 Ave & W 45 St,40.76019252,-73.9912551,267,Broadway & W 36 St,40.75097711,-73.98765428,16515,Customer,,0
370,1/1/2016 1:10,1/1/2016 1:17,531,Forsyth St & Broome St,40.71893904,-73.99266288,295,Pike St & E Broadway,40.71406667,-73.99293911,20850,Subscriber,1990,1
526,1/1/2016 1:11,1/1/2016 1:20,517,Pershing Square South,40.751581,-73.97791,492,W 33 St & 7 Ave,40.75019995,-73.99093085,19514,Subscriber,1964,1
83,1/1/2016 1:11,1/1/2016 1:12,3119,Vernon Blvd & 50 Ave,40.74232744,-73.95411749,3122,48 Ave & 5 St,40.74436329,-73.95587325,24257,Subscriber,1990,1
11960,1/1/2016 1:11,1/1/2016 4:31,529,W 42 St & 8 Ave,40.7575699,-73.99098507,486,Broadway & W 29 St,40.7462009,-73.98855723,23826,Customer,,0
898,1/1/2016 1:11,1/1/2016 1:26,384,Fulton St & Washington Ave,40.683048,-73.964915,3043,Lewis Ave & Decatur St,40.6814598,-73.934903,18072,Subscriber,1989,1
35248,1/1/2016 1:11,1/1/2016 10:59,250,Lafayette St & Jersey St,40.72456089,-73.99565293,252,MacDougal St & Washington Sq,40.73226398,-73.99852205,21228,Customer,,0
882,1/1/2016 1:11,1/1/2016 1:26,267,Broadway & W 36 St,40.75097711,-73.98765428,513,W 56 St & 10 Ave,40.768254,-73.988639,16683,Subscriber,1987,1
228,1/1/2016 1:11,1/1/2016 1:15,375,Mercer St & Bleecker St,40.72679454,-73.99695094,439,E 4 St & 2 Ave,40.7262807,-73.98978041,23835,Subscriber,1988,1
1780,1/1/2016 1:12,1/1/2016 1:41,3163,Central Park West & W 68 St,40.7734066,-73.97782542,394,E 9 St & Avenue C,40.72521311,-73.97768752,15780,Subscriber,1963,1
986,1/1/2016 1:12,1/1/2016 1:28,3159,W 67 St & Broadway,40.77492513,-73.98266566,492,W 33 St & 7 Ave,40.75019995,-73.99093085,22452,Subscriber,1970,1
488,1/1/2016 1:12,1/1/2016 1:20,403,E 2 St & 2 Ave,40.72502876,-73.99069656,307,Canal St & Rutgers St,40.71427487,-73.98990025,24317,Subscriber,1966,1
11936,1/1/2016 1:12,1/1/2016 4:31,529,W 42 St & 8 Ave,40.7575699,-73.99098507,486,Broadway & W 29 St,40.7462009,-73.98855723,23034,Customer,,0
1945,1/1/2016 1:12,1/1/2016 1:44,405,Washington St & Gansevoort St,40.739323,-74.008119,363,West Thames St,40.70834698,-74.01713445,20219,Subscriber,1982,1
1441,1/1/2016 1:12,1/1/2016 1:36,395,Bond St & Schermerhorn St,40.68807003,-73.98410637,2003,1 Ave & E 18 St,40.73381219,-73.98054421,23613,Subscriber,1986,1
401,1/1/2016 1:12,1/1/2016 1:18,3092,Berry St & N 8 St,40.7190095,-73.95852515,3116,Huron St & Franklin St,40.73266,-73.95826,16757,Subscriber,1968,1
1536,1/1/2016 1:12,1/1/2016 1:37,128,MacDougal St & Prince St,40.72710258,-74.00297088,3164,Columbus Ave & W 72 St,40.7770575,-73.97898475,23283,Subscriber,1985,1
1050,1/1/2016 1:12,1/1/2016 1:29,3168,Central Park West & W 85 St,40.78472675,-73.96961715,515,W 43 St & 10 Ave,40.76009437,-73.99461843,17345,Subscriber,1967,1
703,1/1/2016 1:12,1/1/2016 1:24,420,Clermont Ave & Lafayette Ave,40.68764484,-73.96968902,443,Bedford Ave & S 9 St,40.70853074,-73.96408963,24142,Subscriber,1988,1
461,1/1/2016 1:12,1/1/2016 1:20,3090,N 8 St & Driggs Ave,40.71774592,-73.95600096,460,S 4 St & Wythe Ave,40.71285887,-73.96590294,23998,Subscriber,1985,2
1357,1/1/2016 1:12,1/1/2016 1:35,518,E 39 St & 2 Ave,40.74780373,-73.9734419,3176,W 64 St & West End Ave,40.77452835,-73.98753759,22008,Subscriber,1975,1
702,1/1/2016 1:12,1/1/2016 1:24,346,Bank St & Hudson St,40.73652889,-74.00618026,448,W 37 St & 10 Ave,40.75660359,-73.9979009,18426,Subscriber,1975,1
560,1/1/2016 1:13,1/1/2016 1:22,503,E 20 St & Park Ave,40.73827428,-73.98751968,440,E 45 St & 3 Ave,40.75255434,-73.97282625,22333,Subscriber,1976,1
614,1/1/2016 1:13,1/1/2016 1:23,449,W 52 St & 9 Ave,40.76461837,-73.98789473,505,6 Ave & W 33 St,40.74901271,-73.98848395,15638,Subscriber,1982,2
299,1/1/2016 1:13,1/1/2016 1:18,160,E 37 St & Lexington Ave,40.748238,-73.978311,536,1 Ave & E 30 St,40.74144387,-73.97536082,18622,Subscriber,1991,1
